Prueba 1,Calle 1,120,5183230,1
Prueba 2,Calle 2,121,5183231,1
Prueba 3,Calle 3,122,5183232,1
Prueba 4,Calle 4,123,5183233,1
Prueba 5,Calle 5,124,5183234,1
Prueba 6,Calle 6,125,5183235,1
Prueba 7,Calle 7,126,5183236,1
Prueba 8,Calle 8,127,5183237,1
Prueba 9,Calle 9,128,5183238,1
Prueba 10,Calle 10,129,5183239,1
Prueba 11,Calle 11,130,5183240,1
Prueba 12,Calle 12,131,5183241,1
Prueba 13,Calle 13,132,5183242,1
Prueba 14,Calle 14,133,5183243,1
Prueba 15,Calle 15,134,5183244,1
Prueba 16,Calle 16,135,5183245,1
Prueba 17,Calle 17,136,5183246,1
Prueba 18,Calle 18,137,5183247,1
Prueba 19,Calle 19,138,5183248,1
Prueba 20,Calle 20,139,5183249,1
Prueba 21,Calle 21,140,5183250,1
Prueba 22,Calle 22,141,5183251,1
Prueba 23,Calle 23,142,5183252,1
Prueba 24,Calle 24,143,5183253,1
Prueba 25,Calle 25,144,5183254,1
Prueba 26,Calle 26,145,5183255,1
Prueba 27,Calle 27,146,5183256,1
Prueba 28,Calle 28,147,5183257,1
Prueba 29,Calle 29,148,5183258,1
Prueba 30,Calle 30,149,5183259,1
Prueba 31,Calle 31,150,5183260,1
Prueba 32,Calle 32,151,5183261,1
Prueba 33,Calle 33,152,5183262,1
Prueba 34,Calle 34,153,5183263,1
Prueba 35,Calle 35,154,5183264,1
Prueba 36,Calle 36,155,5183265,1
Prueba 37,Calle 37,156,5183266,1
Prueba 38,Calle 38,157,5183267,1
Prueba 39,Calle 39,158,5183268,1
Prueba 40,Calle 40,159,5183269,1
Prueba 41,Calle 41,160,5183270,1
Prueba 42,Calle 42,161,5183271,1
Prueba 43,Calle 43,162,5183272,1
Prueba 44,Calle 44,163,5183273,1
Prueba 45,Calle 45,164,5183274,1
Prueba 46,Calle 46,165,5183275,1
Prueba 47,Calle 47,166,5183276,1
Prueba 48,Calle 48,167,5183277,1
Prueba 49,Calle 49,168,5183278,1
Prueba 50,Calle 50,169,5183279,1
Prueba 51,Calle 51,170,5183280,1
Prueba 52,Calle 52,171,5183281,1
Prueba 53,Calle 53,172,5183282,1
Prueba 54,Calle 54,173,5183283,1
Prueba 55,Calle 55,174,5183284,1
Prueba 56,Calle 56,175,5183285,1
Prueba 57,Calle 57,176,5183286,1
Prueba 58,Calle 58,177,5183287,1
Prueba 59,Calle 59,178,5183288,1
Prueba 60,Calle 60,179,5183289,1
Prueba 61,Calle 61,180,5183290,1
Prueba 62,Calle 62,181,5183291,1
Prueba 63,Calle 63,182,5183292,1
Prueba 64,Calle 64,183,5183293,1
Prueba 65,Calle 65,184,5183294,1
Prueba 66,Calle 66,185,5183295,1
Prueba 67,Calle 67,186,5183296,1
Prueba 68,Calle 68,187,5183297,1
Prueba 69,Calle 69,188,5183298,1
Prueba 70,Calle 70,189,5183299,1
Prueba 71,Calle 71,190,5183300,1
Prueba 72,Calle 72,191,5183301,1
Prueba 73,Calle 73,192,5183302,1
Prueba 74,Calle 74,193,5183303,1
Prueba 75,Calle 75,194,5183304,1
Prueba 76,Calle 76,195,5183305,1
Prueba 77,Calle 77,196,5183306,1
Prueba 78,Calle 78,197,5183307,1
Prueba 79,Calle 79,198,5183308,1
Prueba 80,Calle 80,199,5183309,1
Prueba 81,Calle 81,200,5183310,1
Prueba 82,Calle 82,201,5183311,1
Prueba 83,Calle 83,202,5183312,1
Prueba 84,Calle 84,203,5183313,1
Prueba 85,Calle 85,204,5183314,1
Prueba 86,Calle 86,205,5183315,1
Prueba 87,Calle 87,206,5183316,1
Prueba 88,Calle 88,207,5183317,1
Prueba 89,Calle 89,208,5183318,1
Prueba 90,Calle 90,209,5183319,1
Prueba 91,Calle 91,210,5183320,1
Prueba 92,Calle 92,211,5183321,1
Prueba 93,Calle 93,212,5183322,1
Prueba 94,Calle 94,213,5183323,1
Prueba 95,Calle 95,214,5183324,1
Prueba 96,Calle 96,215,5183325,1
Prueba 97,Calle 97,216,5183326,1
Prueba 98,Calle 98,217,5183327,1
Prueba 99,Calle 99,218,5183328,1
Prueba 100,Calle 100,219,5183329,1
